段號,開始時間,結束時間,時長,字幕條數,原文字數,原文,重點整理,處理時間
1,"00:00:00,110","00:04:53,865",4分53秒,114,1661,"0: 跟二十二十三号到二十四号嘛，
0: 然后到时候就是校内当天，
0: 因为我怕会有点，
0: 因为呃七点之前是那个老师的时间，
0: 所以呃提早到好像也就是没办法做什么。
0: 但是我们还是先约六点二十到国一，
0: 就是呃器材的话需要先把桌子搬到门口。
0: 然后呃这次借的话是需要一个海报板跟一个小钢炮器材，
0: ok 吗？
0: 好，
0: ok 那就是一样是六点二十，
0: 跟大家约六点二十到，
0: 就是早点到。
0: 然后因为我怕会有人提早到之类的，
0: 所以就是约六点二十，
0: 然后机场要把这三个东西搬到那边。
0: 好好。
0: 那再来是呃这次有社干报名社内赛吗？
1: 没有哦，
1: 我用报，
1: 但是会开始话吗？
0: 嗯，
0: 可以可以，
1: 我有报。
1: 但是因为我我我的程度就是很中间介于一个出跟进的最最最中间，
1: 所以我一直不知道我到底该报哪一个。
1: 然后我的想法是我直接单报出街。
1: 但是如果说进阶缺人或出阶出街缺人的话，
1: 我直接去地补这样子就是大家个机参参赛人是可以的。
1: 好，
0: 可以啊，
0: 可以可以。
1: 好，
1: 那我就是一个就是我。
1: 所以我就自己就等你们赛程表之后，
1: 出来之后，
1: 自己把塞塞去，
1: 这样子可以好好，
1: 我就不找队友了。
1: 好 OK，
0: 那还有人想报吗？
2: 我我有包，
0: 你是刘佳宇吗？
2: 是啊，
0: 你要报，
0: 嗯，
0: 所以你要报好，
0: 那就先不把你们拍。
0: 呃，
0: 主要的裁判好了，
0: 等我一下啊。
1: 然后那人朋友抱进去喂喂，
1: 那人朋友抱进去说就这样，
1: ok。
1: 好请好，
0: 那剩下的就是哎那林婷红，
0: 你九月三十号是能到的吗？
3: 呃，
3: 我要看我那个排前位晋级哦，
0: 你没有培训是吗？
3: 对，
3: 如果有晋级的话，
3: 他九月二十，
3: 那九月三十号那天好像就有比赛好收到，
0: 等一下啊。
3: 有就是你要看赛程是不是好 OK，
3: 我是前面可以先到的。
0: 好下一个好的好的啊，
0: 下一拜在这里在的问他。
0: 好，
0: 然后好，
0: 到时候的气流是这样。
0: 就是因为我们原本是排，
0: 哎，
0: 因为我们那时候在排的时候，
0: 就是上次讨论的细流，
0: 我们忘记就是前面有那个教师的时间，
0: 所以我们那时候唉排的是六点半就签到，
0: 然后六点五十就开幕。
0: 但我觉得我们还是可以一样是呃六点半。
0: 因为我们六点约六点二十，
0: 所以我觉得可以延后一下，
0: 就是变成六点四十签到，
0: 然后六点五十五的时候再开幕。
0: 因为到时候会有，
0: 因为老师他们也要准时让他们就打到七点这样子。
0: 所以我觉得我们没有办法七点准时开始比赛，
0: 所以我们这边改一下时间，
0: 就是呃签到的部分我们改成六点四十。
0: 然后呃到时候给他们签到之后，
0: 呃，
0: 六点五十五的时候，
0: 我大概应该大概就会在那个放东西的地方，
0: 就是住在那边的。
0: 所以那时候公关就可以准备就是开幕，
0: 就是跟就是请大家集合，
0: 然后介绍一下比赛规则。
0: 这样然后这时候就介绍完规则之后，
0: 就是要请公关。
0: 就是开始你在抽签，
0: 就是我们唉不是公关，
0: 就是要就是我们你在介绍的时候我们会抽签。
0: 然后抽签完之后，
0: 就是我们会把比赛的就是进阶的凑到的名单，
0: 然后跟组别放在那个呃赖的群主里面。
0: 然后然后也会现场跟他们讲，
0: 就是开始就是你宣传完之后，
0: 宣就是宣导完比赛规则之后，
0: 我们就会开始报 a 组，
0: 就是进阶组，
0: 然后 a 队是谁跟谁，
0: b 队是谁跟谁这样子报。
0: 然后报完之后，
0: 大概是我抓比赛开始时间是七点十分这样 ok 吗？","## 會議記錄整理 (第 1 段)

### 時間戳
時間: 00:00:00,110 - 00:04:53,865
時長: 4分53秒
字數: 1661 字


### 出現人物  
- 0 - 主辦者/活動協調人 - 提出會議時間安排（約六點二十到國一），負責協調器材準備（如搬桌、張貼海報板與小鋼炮），並調整簽到與開幕時間至六點四十簽到、六點五十五開幕，以配合教師時間表；同時提出活動流程安排，包括介紹比賽規則、抽簽、分組與比賽開始時間（七點十分）。  
- 1 - 社內賽報名者（個人參賽者） - 表達自身能力處於中間水平，不確定報哪一組，提出「單報出街」並願意根據實際情況臨時補位，強調不尋求隊友，僅自行參與並依賽程表調整參賽方式。  
- 2 - 刘佳宇 - 報名參與社內賽，並被確認為裁判之一，參與討論後確認其職責為裁判，未進一步說明具體分工。  
- 3 - 林婷紅 - 被詢問九月三十日是否能到場，表示需視晉級情況而定，若晉級則可於九月三十日參與比賽，並確認可提前到場；其角色為參賽者，且參與賽程與時間安排的討論。  

（註：


### 核心要點  
1. 比賽時間調整為六點四十簽到、六點五十五開幕、七點十分正式開始比賽 - 因教師時間限制，原時程需延後，以確保老師能準時參與，並安排清楚的流程節點。  
2. 社幹報名與分工明確：個人選擇單報「出街」組別並自行參與賽程，劉佳宇確認報名擔任裁判，林婷紅視晉級情況決定是否出席，強調需依賽程表確認參與資格。


### 決策事項  
- 將活動簽到時間調整為**六點四十**，並於**六點五十五**正式開幕。  
- 活動開幕前由負責人員介紹比賽規則，並進行抽簽，之後現場公布進階組（A組）與其他組別的組隊名單。  
- 比賽正式開始時間定為**七點十分**。  
- 活動前需提前將器材（包括一個海報板與一個小鋼炮）搬至國一門口，並於六點二十前完成準備。  
- 社幹報名社內賽方面：  
  - 建議個人可單獨報名「出街」組，若進階或出街組缺人，則自行前往補位，不需固定隊友。  
  - 刘佳宇確認報名參與，並擔


### 行動項目  
- 將桌子搬到國一門口（需於活動當天六點二十前完成） - 机场團隊（負責執行）  
- 借取一塊海報板與一個小鋼炮器材（需於活動當天六點二十前準備完成） - 机场團隊（負責執行）  
- 確認社幹報名社內賽狀況，並明確個人報名計畫：個人直接單報「出街」組，若進階或出街組缺人則自行補位，賽程表公布後自行報名 - 1（個人）  
- 確認劉佳宇是否報名社內賽，並確認其擔任裁判角色 - 0（主導者）  
- 與林婷紅確認是否能於9月30日到場參與活動（需確認其是否晉級及賽程安排） -


### 總結  
會議決議將活動簽到時間延後至六點四十，開幕時間調整為六點五十五，並於七點十分正式開始比賽，同時確認器材準備、報名狀況與賽程安排。",2025-11-25 00:25:23
2,"00:04:55,550","00:09:54,755",4分59秒,114,1659,"2: 那我主要在就是发通知跟大家说，
2: 我们签到时间改到六点四十吗？
2: 因为我们表单跟那个资询之后去办吗？
0: 我们是发八零半，
0: 其他或者不是这个，
0: 你说打不完吗？
0: 还是你是说会太乱，
0: 没办法，
0: 开始很清醒。
0: 嗯，
0: 哦这是嗯好那个店，
1: 他都提到会有人拖的情况，
1: 是不是我们要提前说几分？
1: 以前没有到没有报道的话，
1: 是从弃赛不退还保证金，
1: 也不退还报名费，
1: 这是第一个。
1: 第二个是我那个回应庄佑恩，
1: 他说我们那个呃时间跟动的问题，
1: 这个我们可以在选手群可能呃就是比赛是礼拜二嘛，
1: 可能礼拜六日的时候先提醒一次，
1: 当天再提醒一次，
1: 就是我们的签到时间改变这件事情。
1: 然后反正是行前，
1: 须知也是都是在那时候顺便讲，
1: 只是在额外提醒签到时间有跟动这件事。
2: ok 好，
0: 拜拜。
0: 然后就是到时候，
0: 因为我们缴费时间是到唉，
0: 就是我们缴费缴费时间是最后一个时间是九月二十四号嘛。
0: 然后呢，
0: 礼拜五之前之之后就不会再让他们改名单，
0: 因为就是会画出那个名单表。
0: 所以呢这时候就是要一直在群主提醒，
0: 就是要看有没有谁还没有有报名，
0: 但是还没有加到群主，
0: 或者是有一些群主呃，
0: 没有报名的人在群主里面。
0: 然后就是要大家就是嗯嗯就是要看一下通知一下到他们到底有没有加到群主。
0: 因为到时候的规则跟一些通知都会发在比赛的之主，
0: 就不会再发到大群了。
0: 好嘞，
2: ok 行 ok 好。
0: 然后就是呃庭前的话就是九月三，
0: 就是好像九月三十礼拜日发一次，
0: 然后呃比赛当天早上再发一次这样子。
1: 呃，
1: 然后还有一个问题，
1: 就是令瑞彤发现说好像有人报了进阶，
1: 但是后面勾有队友这件事情啊，
0: 我们表单日你们没有分开来，
1: 所以就会让有人进阶舔了，
1: 但是又舔队友。
1: 这件事情我觉得呃这这是为什么？
1: 可能潘博成会就是对嗯，
1: 对，
1: 所以就是说可能要再通知一下我们的赛规，
1: 有这样写，
1: 只是表单系统没有准备好。
1: 那表单系统没有准备好是我们的问题，
1: 但是规则是这样。
1: 所以请那些已经有队已经有报进阶，
1: 然后又有又填队友的人，
1: 请他呃重新考虑要不要参赛，
1: 还是说你们要改。
1: 对知这我不知道，
1: 我觉得改赛制会更麻烦。
1: 所以哦好，
0: 我的时候没有注意到表单有错好。
0: ok 那我觉得不要改色子，
0: 就是要跟他们说一下，
0: 就是跟他们道个歉，
0: 就是我们的表单有问题。
0: 然后跟他们说进阶组的话，
0: 就是一样都是现场随机机抽签。
0: 所以如果要招好队友，
0: 然后就是如果是抽签的话，
0: 不愿意参加的话，
0: 那就呃就是帮他们移除名单，
0: 这样就是让他们再考虑这样子。
0: 对，
0: 好，
0: 那就是要麻烦公关，
0: 可能今天就要发啊。
2: 好，
2: 收到。
2: 不好意思，
2: 我在确认我的表单号有问题，
0: 头没事，
0: 没这样吗？
1: 是，
1: 如果为了要避免，
1: 就是之后又有人继续填进阶。
1: 加队友的话，
1: 你现在就要把那个改单表单，
1: 赶快改掉。
1: 如不然的话，
1: 他们对通知人或者是进阶，
0: 然后下一页有表单。
1: 对对对，
1: 直接就对对，
1: 下一页就是你如果你填出阶下一页才会有队友的选项。
1: 如果你填进阶下一页就不要队友的选项。
1: 那那种概念那概念你知道吗？
2: 会有，
2: 嗯，
2: 我知道 OK，
2: 但是我不知道为什么会出现念。
2: 嗯，
2: 没关系没关系，
2: 我现在看没事都可解，
1: 可可补救就没什么大碍。
1: 我关我闭麦喽。","## 會議記錄整理 (第 2 段)

### 時間戳
時間: 00:04:55,550 - 00:09:54,755
時長: 4分59秒
字數: 1659 字


### 出現人物  
- 2 - 會議參與者 / 通知負責人 - 主導提出簽到時間調整的建議，詢問是否將簽到時間改為六點四十，並確認表單與諮詢流程的可行性；同時參與討論繳費截止時間、群組提醒機制與賽制問題的補救措施。  
- 0 - 會議參與者 / 群組管理與規則執行者 - 提出簽到時間與繳費截止日（9月24日）的說明，強調賽事前需透過群主發佈通知，並提醒需確認報名者是否加入群主；也參與討論表單錯誤問題與進階組隊友填報的漏洞，提出應向報名者道歉並說明規則。  
- 1 - 會議參與者 / 賽事規則與流程建議者 - 提出關於「進階組報名時可填隊友」導致報名錯誤的問題，指出表單設計缺陷，建議修改表單結構（進階組下頁不顯示隊友選項），並提出應提醒報名者重新考慮參賽或移除隊友名單；同時提出賽前提醒時間安排（週二、週六、週日、比賽當天）的建議。  

（註：人物「潘博成」、「令瑞彤」、「莊佑恩


### 核心要點  
1. 簽到時間調整至六點四十，需於比賽週二、週六日及當天早上分別提醒，並透過「賽事群主」發布規則與通知，避免資訊遺漏。  
2. 表單系統設計缺陷導致進階組參賽者誤填「隊友」欄位，應立即修正表單邏輯（進階組填完即無隊友選項），並通知已誤填者重新評估參賽，以避免後續爭議。


### 決策事項  
- 簽到時間由原定時間調整為六點四十，並於比賽週二時透過選手群提前提醒一次，比賽當天再提醒一次，同時在行前須知中一併說明此變更。  
- 教育與提醒選手：針對表單系統設計缺陷（進階組與隊友選項未分離），導致有人同時報名進階並填寫隊友，決議不修改賽制，而是主動通知相關報名者，說明進階組為現場隨機抽簽，若需招募隊友應自行考慮是否參與，若不願參與則由其移除名單，並向報名者致歉。  
- 表單系統調整：立即修改表單設計，使「進階組」填寫後下頁不再出現「隊友」選項，以避免未來再發生類似


### 行動項目  
- 修改簽到時間並於賽前群組中提醒（例如：比賽週二時週六、週日提醒一次，比賽當天早上再提醒一次） - 負責人：未明確指定（由會議參與者共同執行，可能由發通知者負責）  
- 提醒所有未加入「比賽群主」的報名者，確認其是否已加入，並在賽前進行追蹤與通知 - 負責人：未明確指定（由群組管理人員或負責通知者執行）  
- 確認並修正表單系統設計，調整「進階組」與「隊友填報」的邏輯，使填報進階組時下頁不顯示「隊友」選項，避免誤填 - 負責人：潘博成（或表單負責人）  
- 向已報名


### 總結  
會議核心決議為調整簽到時間至六點四十、強化賽前通知流程，並因表單設計缺陷導致進階組與隊友填報混亂，決定立即修正表單邏輯、提醒參賽者重新評估報名，並對相關問題致歉。",2025-11-25 01:16:38
3,"00:09:59,460","00:10:16,535",0分17秒,6,58,"0: 哦，
0: 好，
0: OK 一下啊。
0: 好，
0: 那再就是当天裁判的问题，
0: 因为嗯在呃我想一下。","## 會議記錄整理 (第 3 段)

### 時間戳
時間: 00:09:59,460 - 00:10:16,535
時長: 0分17秒
字數: 58 字


本段無具體人物提及


### 核心要點  
1. 裁判問題為當日會議重點議題 - 會議中明確提及需討論當天裁判相關事項，顯示其為當前關注核心。  
2. 會議尚未釐清具體裁判問題細節 - 當前僅提出問題，尚未進入具體分析或決議階段，顯示議題仍處於初步探討階段。


本段為討論性質，無具體決策


本段無具體行動項目


### 總結  
會議聚焦於當天裁判相關問題的釐清與確認。",2025-11-25 01:16:54
