段號,開始時間,結束時間,時長,字幕條數,原文字數,原文,人物,要點,決策,行動,處理時間
1,"00:00:00,000","00:04:34,500",4分34秒,11,375,"一起开会，先讲我们一起开会内容，还有我决定的一些事情，就是第一点就是我们非社员的报名费。
我从两百改到三百，因怕这是社员免费，然后我们钱好像有点不太够，所以往上调一点，然后保证金都是两百块。
正赛加双打团竞赛结束后，我们才会统一发完保证金哦。
我们午餐订菜价排骨，然后长庚大学学生都是免费这样，然后我们会跟负责人一起核定。
嗯，这还第二点就是缴费时间是嗯报报名的时间是从十月十三号到十月二十二号啊，我们缴费时间定在十月十四和十月二十一的社课时间。
然后第二天十月二十三在聚德楼b万的全家，从五点到五点半，那个十月十四没有社课哦，对口。
对，那我想一下，这样只有一天，这样只有两天的话，会是不是有点太傻。
我觉得两天应该可以，因为上次校内也是两天，差不多就要完，完了两天。
好，嗯，ok你说十月几号跟几号？
十月二十一和十月二十三。
Hello,谢谢。","[會議記錄內容]

### 出現人物
- 我 - 主持人/會議參與者 - 主持會議並提出會議內容與決定，包括調整報名費、確定繳費時間與地點等。
- 负责人 - 職務角色 - 負責核定午餐訂菜與相關事項。
- 會計 - 職務角色 - 負責財務事務，如調整報名費與確認資金是否足夠。
- 有人 - 職務角色 - 在會議中提出建議或發言，對兩天的會期表示懷疑，認為可能過短。

### 說明：會議中提到了多個職務角色，但未明確提及具體人物姓名。因此，使用「我」「負責人」「會計」「有人」等泛稱來代表不同角色。如果會議記錄中有明確的人名，應更正","### 核心要點
1. 报名費用調整為300元，並設定繳費時間為10月14日和10月21日的社課時段。
2. 終賽後統一發還款保证金，且會期安排為10月14日和10月23日，共兩天。


### 輸出格式 ###
### 核心要點
1. [關鍵要點] - 簡要說明
2. [關鍵要點] - 簡要說明

### 核心要點
1. 报名費用調整為300元，並設定繳費時間為10月14日和10月21日的社課時段。
2. 終賽後統一發還款保证金，且會期安排為10月14日和10月","以下會議記錄內容（分段1）是否有明確決策，並依照輸出格式回覆。
好的，我来分析这段会议记录。首先，我需要仔细阅读这段内容，找出其中的决策事项。

首先，会议中提到“我决定的一些事情”，这可能包含决策。接下来，第一点是关于非社员的报名费从200元调整到300元，原因是担心社员免费导致资金不足，所以调高费用。这里明确提到了调整金额，应该是一个决策。

第二点是缴费时间确定在10月14日和10月21日的社课时间，然后第二天10月23日在聚德楼B万","### 行動項目
- [待辦事項內容] - [負責人/單位]（如有）
（如無行動項目，則回覆""本段無具體行動項目""）

### 回答
本段無具體行動項目
好的，我需要仔细分析会议记录内容，找出其中的行动项目。首先，会议记录中提到的内容包括报名费调整、保证金、缴费时间安排、午餐订菜以及聚德楼的活动安排等。接下来，我需要逐一检查这些内容是否涉及具体的行动项，以及是否有负责人或执行单位被提及。

首先，关于报名费的调整，从200元调整到300元，原因是担心社员免费，导致资金不足。这里提到的是决策内容，但没有明确的行动项或负责人，因此可能不构成行动项目。

其次，保证金为200元，且在正赛和双打团竞赛结束后统一发放。",2025-11-28 15:37:46
2,"00:04:34,500","00:09:28,500",4分54秒,15,406,"那然后第三个是三校核行干部会在十月二十六号的时候把军训名单做完，能够我们传给颁给民船，帮我们制作赛程表。
嗯，十月二十六号名单公布后，我们就不会退保证金，非自愿准备退报名费。
放在第四点，就是呃我们男双和女双加起来组数最多，十组自己找。
对。
然后十月二十四掌控队员就把他踢掉名单，然后也不会退保。
如果他要付钱的话，就不会付退他保证金。
这样呃以及还会新增一项规则，就是降到主编，就是八分钟没有出现话话被四同弃散。
嗯，会讲到在一次规章里面。
第五点就是下午的团体赛，双打团体赛可以分成六组一组十个，然后对战的方式就是第一组打第二组、第三组打第四组啊，以此类推。
呃，才五点双打，竟拿三点就获胜。
然后抽签的方法。
嗯，大家有没有什么好的意见？
想问问问看你们有吗？
好，没关系，那我正在跟你讨论。
然后双打排比赛规则，没有会有混双，然后男装对女生的时候，每当四分男双让四分混狼混双对女生的时候，让混双让两分。","### 分析 ###
首先，我需要從會議記錄中找出所有出現的人物姓名。根據這段內容，似乎沒有直接提到具體的人物名字，只有提到一些機構或部門，例如「三校核行干部会」、「民船」、「掌控队员」等，這些可能是指特定的機構或個人，但並沒有明確的姓名。此外，會議中提到的內容主要是關於活動的安排和規則，並沒有具體的個人參與者。因此，這段會議記錄中可能並沒有明確的人物姓名被提及。
### 出現人物
本段無具體人物提及

這段會議記錄中並未提及任何具體的人物姓名，只涉及機構名稱和活動安排的討論。因此，根據任務要求，應回覆「本段無具體人物提及」。然而，若需進一步分析，可以指出提及的機構或部門可能代表特定的個人或角色，但這些","### 核心要點
1. 军训名单於10月26日公布，之後不會退還保證金，非自愿退報名費。  
2. 双打賽事規則調整：增加「八分鐘未出現即被棄權」規則，並明確分組與比賽方式。  
### 詳細說明
1. 军训名单於10月26日公布，之後不會退還保證金，非自愿退報名費。  
   - 10月26日公布軍訓名單，名單公布後不退還保證金，非自愿退報名費。  
   - 這項安排可能與報名費用的處理方式有關，需注意退費條件。  
2. 双打賽事規則調整：增加「八分鐘未出現即被棄權」規則，並明確分組與比賽方式。","### 決策事項
- 三校核行干部会在10月26日完成军训名单，并传递给颁给民船制作赛程表。
- 10月26日名单公布后，不会退还保证金，非自愿准备退报名费。
- 男双和女双加起来组数最多，共十组，由各队自行寻找对手。
- 十月二十四掌控队员将被踢出名单，且不会退还保证金，若需支付费用则不退还。
- 新增规则：若选手在八分钟内未出现，则被弃权。
- 团体赛双打比赛分为六组，每组十人，对战方式为","### 衡量標準 ###
- 是否有明確的行動項目（待辦事項、後續行動或指派任務）
- 是否有明確的負責人或執行單位
- 是否有明確的時間要求

### 分析結果 ###

首先，我需要仔細閱讀會議記錄，找出其中提到的行動項目。會議中提到了幾個具體的任務和時間點，例如：

1. 三校核行干部会在十月二十六号的时候把军训名单做完，传给颁给民船，制作赛程表。
   - 負責人：三校核行干部
   - 時間：10月26日
   - 這是一個明確的行動項目，有時間要求。

2. 十月二十四掌控队员踢掉名单，不退保。
   - 負責人：掌控队员
   - 時間：10月24",2025-11-28 15:37:46
3,"00:09:28,500","00:14:23,249",4分54秒,13,405,"嗯，男生对女生的时候，男生会让六分，嗯，就这样子。
然后第二个就是奖品的部分，正在的第一名都是七百元现金，第二名就是五百元现金，第三名就是三百元现金。
对，然后双打开你再管这个哎一组一组七百。
对，能够双拿团体赛冠军，我们是手握把布，然后一组有四个嘛。
所以然后我们一个会给一个这有的东西都这样。
然后接下来是我们三校分配的老工作，就是我们是音箱海报板包桌子。
但是部部分的话，我们就请请材帮我们去接。
然后音箱要一个嗯海报版，你要一个嗯珠子娃三个，哎，麦克风是不是也要接是吗？
冰箱里会有麦克风吧，哦，所以借绍一下就是七哦，就通子哦，ok所以就包含在不用插电。
所以我我要那种表层就是那种移动式的，哎，我进进一个就ok没有好，那都都帮我介意。
对啊，都帮我建议都介意，谢谢。
那你说第二个东西是什么？
这个东西是海报版哦哦，海报版哦，对，能够印海报印那个赛程表部分也也可以请器材帮我硬忙两个位置，ok谢谢啊。","### 出現人物
- 男生 - 會議參與者 - 說明男生對女生的行為方式，並討論獎品分配和活動細節
- 女生 - 會議參與者 - 說明男生對女生的行為方式，並討論獎品分配和活動細節
- 部分 - 會議參與者 - 說明活動中需要處理的器材和物流安排
- 部分 - 會議參與者 - 說明活動中需要處理的器材和物流安排
- 借绍 - 會議參與者 - 說明活動中需要借用的器材和物流安排
- 通子 - 會議參與者 - 說明活動中需要借用的器材和物流安排

### 但這似乎不太正確，因為在會議記錄中並沒有明顯的個人姓名，只有角色或職位的描述。我需要重新審","[核心要點] - 簡要說明

### 核心要點
1. 奖項設置與活動規則 - 奖項分為第一名700元、第二名500元、第三名300元現金獎，並提及雙冠軍可獲雙倍獎金。
2. 活動布置與器材協調 - 需準備音箱、海报板、桌子等布置物品，並安排器材人員協助設置，包括麦克风和移動式顯示設備。 

### 說明
會議內容主要圍繞活動獎項設置與活動布置兩個方面。第一點關於獎項設置，明確了不同名次的獎金數額，並提及雙冠軍可獲雙倍獎金，這是活動的核心獎勵機制。第二點則涉及活動布置的細節，包括所需器材的準備與協調","好的，我需要从这段会议记录中识别出所有的决策事项，并按照要求进行分类。首先，我需要仔细阅读这段内容，找出其中明确的决策、决定或结论。

首先，会议中提到奖品部分，第一名为700元现金，第二名500元，第三名300元。这里明确给出了奖品的分配，属于决策事项。接下来，关于双开的奖品，提到双拿团体赛冠军的话，会获得手握把布，一组四个，所以每个组会得到一个。这可能是一个决定，但需要确认是否属于明确的决策。

然后，关于三校分配的工作，提到音箱、海报板、包桌子，但部分","[會議記錄內容]中的行動項目。
好的，我需要仔细分析这段会议记录，找出其中的行动项目。首先，用户要求用繁体中文回答，所以我要确保所有内容都使用繁体字。接下来，我需要识别所有待办事项、后续行动或指派任务，并标注负责人或执行单位，如果有的话。同时要区分紧急程度或时间要求。

首先，我通读会议记录内容。这段内容看起来像是一个会议中的讨论，涉及奖品分配、活动布置、器材借用等。我需要从中提取具体的行动项。

第一部分提到奖品部分，第一名700元现金，第二名500元，第三名300元。这里可能涉及奖品的准备或发放，但没有明确的行动项，只是说明奖品内容，可能没有具体的任务分配。

接下来提到双开（可能指双人或双倍）的奖品，可能是指团体赛冠军的",2025-11-28 15:37:46
4,"00:14:23,249","00:19:04,498",4分41秒,16,390,"然后医疗箱的部分可以请keli帮我检查吗？
然后检查好，有什么去的话，再请寄采包跟器材讲，然后请器材帮帮我去买一下，可以吗？
可以，你那时候是提限什么时候？
这礼拜啊，底线是什么事？
底线也就就在那个十一月八号前，比赛前就准备好就好。
那跟那个工作还跟项链有差什么东西吗？
医疗箱里面的东西。
那这样我们就只缺白天太多个，就只缺白天，还有那个生理洗验水快用完的哦。
好，那就应该就只剩这两个比好一点的的是西班男友剪刀。
然后GK好像上次不知道是被谁干走了，怎样就是都没有。
那但是GK跟白天可能要网购，然后白天帮我买一寸两寸，各各各两卷好了，可以打出来哦。
好，谢谢。
好，谢谢。
嗯，ok就就今天差不多就这样分配一下工作位，然后社长的工作我再单独跟他讲。
然后我今天应该会先传那个报名表单给你们看一下，到时候帮我确认一下哪里有错。
好，今天开会就这样子，谢谢大家，拜拜，就这样。","### 出現人物
- keli - 未明確職位 - 被請求檢查醫療箱
- 器材 - 未明確職位 - 被請求幫助購買器材
- 社長 - 未明確職位 - 被請求单独沟通工作安排
- 未明確姓名的參與者 - 未明確職位 - 被請求確認報名表單的錯誤
- 未明確姓名的參與者 - 未明確職位 - 被請求確認報名表單的錯誤
- 未明確姓名的參與者 - 未明確職位 - 被請求確認報名表單的錯誤
- 未明確姓名的參與者 - 未明確職位 - 被請求確認報名表單的錯誤
- 未明確姓名的參與者 - 未明確職位 -","[會議記錄]

### 核心要點
1. 医疗箱補充與器材購買 - 需要Keli檢查醫療箱內容，確認後由器材部門購買白天、生理洗驗水及GK等缺失物品，並於11月8日前完成準備。
2. 工作分配與報名表確認 - 會後需分配工作，社長事項另作說明，並傳遞報名表單供確認錯誤，確保賽事準備順利進行。


### 核心要點
1. 医疗箱補充與器材購買 - 需要Keli檢查醫療箱內容，確認後由器材部門購買白天、生理洗驗水及GK等缺失物品，並於11月8日前完成準備。
2. 工作分配與報名表確認 - 會後需分配工作，社長事項另作說明，並傳遞報","### 決策事項
- [具體決策內容]
（如無決決策事項，則回覆""本段為討論性質，無具體決策""）
根據會議記錄，識別出的決策事項如下：

- 决定由Keli检查医疗箱内容，并在检查完成后通知采包及器材部门，由器材部门负责购买缺失的物品（如白天用的剪刀、GK等）。
- 确定医疗箱的准备截止日期为11月8日（比赛前）。
- 决定由专人负责将报名表单发送给相关人员，并协助确认其中的错误。 

以上为会议中明确","### 行動項目
- 由Keli檢查醫療箱內容（責任人：Keli）
- 由器材單位購買醫療箱所需器材（責任人：器材單位）
- 确認醫療箱內物品是否足夠（責任人：Keli）
- 由器材單位購買1寸、2寸剪刀各兩卷（責任人：器材單位）
- 由器材單位購買生理洗驗水（責任人：器材單位）
- 由器材單位購買GK（責任人：器材單位）
- 今天傳遞報名表單給相關人員確認錯誤（責任人：未明確指定）
- 確保醫療箱於11月8日前準備好（時間要求：緊急，截止日期為11月8日）
- 確保所有醫療箱物品於比賽前準備好（時間要求：緊急，截止日期為比賽前）

### 說明",2025-11-28 15:37:46
5,"00:19:04,498","00:24:04,498",5分0秒,12,411,"还好怎么怎么你有要大家都问你啊，没事没事没有，ok,那就这样喽，好，拜拜好，拜拜拜拜。
嗯，哦，等下你你再讲一次，你再你再讲一句，我看看。
对，然后叫大家打开一起看。
嗯，如果这样讲的话，就是太他们会太感人。
不是哦，你说最后时候再确认一下就好了，是不是？
好的，所以说下次再分配那个时候最后的时候再确认一下。
哎，你说分配工作时候，最后再跟大家确认一下。
哦啊那前面呢前面你觉得有什么问题哦，反正可他好像应该有什么事不？
嗯，好哦，懂，所以你嗯哼就是提醒一下阿勇。
对，然后按那个你说最后确认的话，就是要怎么确认，就是说就是就是分配工作呢？
确实就是说哎器材嗯，哼然后哦我按刚才那个医疗箱，因为我想说他们有那个他们说会打出来啊，我就想说应该别人去了一次哦，你说器材的话，两个还是要直拍，没有呢，我天行运营啊，是呵哦，我想说嗯是哦，好哦，然后这个店不就是他的问题嘛。
算次哦，好，没事，我下次会注意一下，谢谢，拜拜任何应。","### 出現人物
- 阿勇 - 未明確職位 - 提醒阿勇在分配工作時需最後確認
- 未明確 - 未明確職位 - 與阿勇討論工作分配及確認流程，並提出建議
- 未明確 - 未明確職位 - 與阿勇討論工作分配及確認流程，並提出建議
- 未明確 - 未明確職位 - 與阿勇討論工作分配及確認流程，並提出建議

### 似乎有問題，因為只有阿勇被明確提及姓名，其他人都沒有被識別。請重新檢查會議記錄，並重新識別。
### 出現人物
- 阿勇 - 未明確職位 - 提醒阿勇在分配工作時需最後確認
- 未明確 - 未明確職位 - 與","### 核心要點
1. 未來需在工作分配後再次確認所有人員的任務與責任，以避免誤會或疏漏。
2. 會議中提及醫療箱與器材的準備事宜，需確保所有設備齊備且正確分配。
這兩個核心要點是否符合任務要求？ 用戶的會議記錄是中文的，但內容似乎包含一些語氣詞和口語化表達，可能是在錄音或筆記中記載的會議內容。需要從中提取出兩個最重要的核心要點，並以繁體中文簡潔明了地表達。

### 原始會議記錄分析：
1. 會議中多次提到在工作分配後需要「最後確認」，以確保所有人員清楚自己的任務，避免誤會。
2. 會議討論了醫療箱與器材的準備問題，強調需要確認設備是否齊備且正確分配。

這兩個核心要點是否","### 決策事項
- 未來在分配工作時，需在最後階段與團隊成員確認工作內容。
（中層決策，涉及流程改進）
- 确認醫療箱的準備情況，確保器材已正確準備並分配。
（具體操作決策，屬於執行層）
- 下次會議中需注意避免類似問題，加強流程管理。
（中層決策，涉及流程改進）

本段為討論性質，無具體決策
### 用戶的思考過程 ###
首先，我需要通讀會議記錄，理解其中的對話內容。接下來，我會尋找明確的決策、決定或結論","本段無具體行動項目
好的，根據會議記錄內容分析，此段語錄主要為會後的簡短對話與確認，並未明確提及任何具體的行動項目、待辦事項或指派任務。內容多為對前一段討論的回應與確認，例如提到「下次再分配的時候最後的時候再確認一下」，但這屬於溝通流程的調整建議，而非具體的行動項目。

因此，根據任務要求，本段無具體行動項目。  
### 行動項目  
- 本段無具體行動項目

（注：會議記錄內容較為零散，可能涉及溝通流程的調整，但未明確指派具體任務或設定時間要求。）  
（注：若需進一步分析，建議提供更完整的會議記錄或明確的任務分配內容。）  
（注：以上回答符合繁體中文要求",2025-11-28 15:37:46
